"","word1","word2","word3","freq"
"1","i","dont","know",37
"2","i","dont","think",26
"3","i","know","i",22
"4","i","think","i",21
"5","i","thought","i",19
"6","i","feel","like",18
"7","i","wish","i",17
"8","i","can","get",14
"9","i","can","see",13
"10","cant","wait","see",11
"11","i","don’t","know",11
"12","i","think","im",11
"13","new","york","city",11
"14","years","ago","i",11
"15","even","though","i",10
"16","i","cant","wait",10
"17","i","dont","want",10
"18","president","barack","obama",10
"19","i","can","tell",9
"20","new","york","times",9
"21","feel","like","i",8
"22","i","dont","see",8
"23","two","years","ago",8
"24","every","time","i",7
"25","first","time","since",7
"26","happy","new","year",7
"27","i","didnt","know",7
"28","i","guess","i",7
"29","last","night","i",7
"30","the","new","york",7
"31","us","district","court",7
"32","amazon","services","llc",6
"33","couple","years","ago",6
"34","gov","chris","christie",6
"35","happy","mothers","day",6
"36","i","don’t","care",6
"37","i","felt","like",6
"38","i","just","dont",6
"39","i","just","wanted",6
"40","i","knew","i",6
"41","i","mean","i",6
"42","i","really","wanted",6
"43","know","i","can",6
"44","let","us","know",6
"45","make","sure","i",6
"46","new","york","state",6
"47","president","barack","obamas",6
"48","said","i","think",6
"49","world","war","ii",6
"50","as","can","see",5
"51","at","one","point",5
"52","can","i","say",5
"53","can","see","i",5
"54","dont","know","i",5
"55","every","day","i",5
"56","felt","like","i",5
"57","i","can","find",5
"58","i","can","help",5
"59","i","cant","even",5
"60","i","didnt","think",5
"61","i","dont","like",5
"62","i","figured","i",5
"63","i","got","back",5
"64","i","know","im",5
"65","i","know","many",5
"66","i","never","thought",5
"67","i","really","enjoyed",5
"68","i","really","like",5
"69","i","think","will",5
"70","just","keep","going",5
"71","last","week","i",5
"72","makes","feel","like",5
"73","new","york","—",5
"74","new","york","ny",5
"75","show","last","night",5
"76","st","patricks","day",5
"77","the","thing","i",5
"78","two","weeks","ago",5
"79","all","i","know",4
"80","but","i","think",4
"81","chief","financial","officer",4
"82","cinco","de","mayo",4
"83","couple","weeks","ago",4
"84","days","ago","i",4
"85","dont","think","i",4
"86","glad","i","got",4
"87","happen","i","dont",4
"88","high","school","students",4
"89","i","admit","i",4
"90","i","also","love",4
"91","i","can","go",4
"92","i","can","make",4
"93","i","can","say",4
"94","i","cant","believe",4
"95","i","didnt","want",4
"96","i","don’t","like",4
"97","i","don’t","think",4
"98","i","don’t","want",4
"99","i","dont","believe",4
"100","i","dont","get",4
"101","i","dont","really",4
"102","i","know","thats",4
"103","i","like","i",4
"104","i","love","i",4
"105","i","love","much",4
"106","i","really","dont",4
"107","i","really","hope",4
"108","i","really","need",4
"109","i","really","want",4
"110","i","think","ive",4
"111","i","thinking","i",4
"112","i","want","go",4
"113","im","looking","forward",4
"114","im","sure","i",4
"115","know","i","think",4
"116","know","i","want",4
"117","last","year","i",4
"118","like","i","said",4
"119","looking","back","i",4
"120","martin","luther","king",4
"121","now","i","think",4
"122","of","course","i",4
"123","one","things","i",4
"124","right","now","i",4
"125","so","now","i",4
"126","st","charles","county",4
"127","ten","years","ago",4
"128","the","unemployment","rate",4
"129","three","weeks","ago",4
"130","time","i","made",4
"131","week","i","will",4
"132","you","can","also",4
"133","you","know","i",4
"134","a","months","later",3
"135","“","is”","subject",3
"136","“i","feel","like",3
"137","advertising","fees","advertising",3
"138","advertising","linking","amazoncom",3
"139","afghan","president","hamid",3
"140","all","i","can",3
"141","amazon","eu","associates",3
"142","amazon","eu","this",3
"143","amazonca","amazoncouk","amazonde",3
"144","amazoncom","amazonca","amazoncouk",3
"145","amazoncouk","amazonde","amazonfr",3
"146","amazonde","amazonfr","amazonit",3
"147","amazones","certain","content",3
"148","amazonfr","amazonit","amazones",3
"149","amazonit","amazones","certain",3
"150","and","even","though",3
"151","andor","amazon","eu",3
"152","announced","last","week",3
"153","anything","else","i",3
"154","appears","website","comes",3
"155","as","far","i",3
"156","as","i","said",3
"157","associates","programmes","designed",3
"158","at","first","i",3
"159","at","least","i",3
"160","but","i","know",3
"161","can","i","get",3
"162","can’t","wait","see",3
"163","cant","wait","show",3
"164","cape","may","county",3
"165","case","western","reserve",3
"166","certain","content","appears",3
"167","change","removal","time",3
"168","children","family","services",3
"169","comes","amazon","services",3
"170","content","appears","website",3
"171","content","provided","“",3
"172","controlled","dangerous","substance",3
"173","county","circuit","court",3
"174","designed","provide","means",3
"175","dining","room","table",3
"176","doesnt","seem","right",3
"177","dont","even","know",3
"178","dont","know","whether",3
"179","dont","think","will",3
"180","earn","advertising","fees",3
"181","east","th","street",3
"182","eu","associates","programmes",3
"183","eu","this","content",3
"184","every","single","day",3
"185","executive","vice","president",3
"186","far","i","can",3
"187","feel","like","im",3
"188","feel","like","youre",3
"189","feeling","like","i",3
"190","fees","advertising","linking",3
"191","find","way","get",3
"192","first","thing","i",3
"193","former","penn","state",3
"194","four","years","ago",3
"195","going","back","school",3
"196","good","right","now",3
"197","happened","last","time",3
"198","high","blood","pressure",3
"199","how","many","times",3
"200","i","able","use",3
"201","i","absolutely","love",3
"202","i","almost","always",3
"203","i","also","used",3
"204","i","always","thought",3
"205","i","came","across",3
"206","i","can","really",3
"207","i","can","show",3
"208","i","can’t","remember",3
"209","i","cant","find",3
"210","i","cant","talk",3
"211","i","decided","make",3
"212","i","didn’t","even",3
"213","i","didnt","really",3
"214","i","don’t","even",3
"215","i","don’t","look",3
"216","i","dont","care",3
"217","i","dont","time",3
"218","i","feel","bad",3
"219","i","feel","i",3
"220","i","finally","got",3
"221","i","found","i",3
"222","i","get","home",3
"223","i","get","one",3
"224","i","glad","i",3
"225","i","go","back",3
"226","i","hate","people",3
"227","i","hope","can",3
"228","i","hope","i",3
"229","i","hope","will",3
"230","i","just","bought",3
"231","i","just","hope",3
"232","i","just","love",3
"233","i","just","think",3
"234","i","just","want",3
"235","i","knew","id",3
"236","i","knew","something",3
"237","i","know","can",3
"238","i","know","people",3
"239","i","like","think",3
"240","i","look","forward",3
"241","i","love","you",3
"242","i","must","say",3
"243","i","need","get",3
"244","i","need","know",3
"245","i","really","loved",3
"246","i","remember","i",3
"247","i","said","i",3
"248","i","saw","i",3
"249","i","say","i",3
"250","i","started","blog",3
"251","i","still","believe",3
"252","i","still","havent",3
"253","i","think","can",3
"254","i","think","it’s",3
"255","i","think","just",3
"256","i","think","lot",3
"257","i","think","one",3
"258","i","thought","id",3
"259","i","turned","around",3
"260","i","want","get",3
"261","i","want","give",3
"262","i","want","live",3
"263","i","wanted","see",3
"264","i","wasnt","going",3
"265","i","will","also",3
"266","i","will","always",3
"267","i","will","buy",3
"268","i","will","never",3
"269","i","will","say",3
"270","i","will","take",3
"271","i","will","try",3
"272","i","wonder","many",3
"273","i’m","glad","i",3
"274","i’m","sure","i",3
"275","if","i","can",3
"276","if","i","dont",3
"277","illinois","incorporated","item",3
"278","im","glad","i",3
"279","im","going","try",3
"280","im","just","like",3
"281","im","pretty","sure",3
"282","in","fact","i",3
"283","is”","subject","change",3
"284","issued","statement","saying",3
"285","it","looks","like",3
"286","it","seems","like",3
"287","it","took","years",3
"288","ive","ever","seen",3
"289","job","i","think",3
"290","just","make","sure",3
"291","just","wanted","say",3
"292","know","i","know",3
"293","know","i","will",3
"294","know","many","people",3
"295","last","year","it",3
"296","late","last","year",3
"297","let","know","i",3
"298","like","everyone","else",3
"299","like","i","like",3
"300","linking","amazoncom","amazonca",3
"301","llc","amazon","eu",3
"302","llc","andor","amazon",3
"303","long","day","work",3
"304","long","long","time",3
"305","luther","king","jr",3
"306","means","i","can",3
"307","means","sites","earn",3
"308","much","i","appreciate",3
"309","much","i","like",3
"310","my","best","friend",3
"311","new","years","day",3
"312","new","york","post",3
"313","next","week","i",3
"314","now","i","need",3
"315","on","bright","side",3
"316","one","can","see",3
"317","one","day","i",3
"318","one","day","time",3
"319","one","favorite","things",3
"320","one","year","ago",3
"321","osama","bin","laden",3
"322","participant","amazon","services",3
"323","pasty","pasty","pasty",3
"324","pdt","washington","ap",3
"325","people","i","know",3
"326","please","i","love",3
"327","president","hamid","karzai",3
"328","programmes","designed","provide",3
"329","provide","means","sites",3
"330","provided","“","is”",3
"331","put","arm","around",3
"332","right","now","im",3
"333","rock","n","roll",3
"334","s","early","s",3
"335","said","i","like",3
"336","said","it","wasnt",3
"337","said","last","night",3
"338","said","we","need",3
"339","said","weve","got",3
"340","senior","vice","president",3
"341","services","llc","amazon",3
"342","services","llc","andor",3
"343","several","years","ago",3
"344","since","i","got",3
"345","since","last","year",3
"346","sites","earn","advertising",3
"347","six","years","ago",3
"348","so","i","went",3
"349","spending","lot","time",3
"350","spent","much","time",3
"351","st","louis","county",3
"352","state","attorney","general",3
"353","state","board","education",3
"354","street","sf","br",3
"355","subject","change","removal",3
"356","sure","i","got",3
"357","sure","i","know",3
"358","thank","kind","words",3
"359","thanks","much","following",3
"360","the","associated","press",3
"361","the","best","way",3
"362","the","first","thing",3
"363","the","first","time",3
"364","the","fiveyear","engagement",3
"365","the","hunger","games",3
"366","the","last","thing",3
"367","the","last","time",3
"368","the","number","people",3
"369","the","white","house",3
"370","there","many","things",3
"371","thing","i","love",3
"372","think","im","going",3
"373","think","im","gonna",3
"374","think","lot","people",3
"375","this","content","provided",3
"376","thought","i","might",3
"377","three","days","later",3
"378","time","i","really",3
"379","u","follow","back",3
"380","we","need","help",3
"381","website","comes","amazon",3
"382","when","i","first",3
"383","whenever","i","see",3
"384","whole","new","level",3
"385","will","never","forget",3
"386","will","please","follow",3
"387","wrap","head","around",3
"388","wrong","i","think",3
"389","year","ago","i",3
"390","years","ago","now",3
"391","yes","i","know",3
"392","you","can","see",3
"393","you","can","use",3
"394","a","good","friend",2
"395","a","memorial","service",2
"396","a","week","later",2
"397","a","weeks","ago",2
"398","—","gov","chris",2
"399","“i","don’t","think",2
"400","“i","never","relationship",2
"401","able","move","forward",2
"402","accidentally","threw","away",2
"403","according","stats","llc",2
"404","add","boiling","water",2
"405","add","sugar","vinegar",2
"406","admit","i","dont",2
"407","admit","i","need",2
"408","ago","i","came",2
"409","all","i","ask",2
"410","almost","every","day",2
"411","almost","two","years",2
"412","also","interesting","see",2
"413","also","issued","statement",2
"414","although","i","know",2
"415","americas","got","talent",2
"416","among","many","others",2
"417","and","i","continue",2
"418","and","i","feel",2
"419","and","i","got",2
"420","and","i","know",2
"421","and","i","love",2
"422","and","i","really",2
"423","and","i","sat",2
"424","and","i","still",2
"425","and","i","will",2
"426","and","i’m","sure",2
"427","and","last","least",2
"428","and","now","im",2
"429","and","way","i",2
"430","and","yet","i",2
"431","another","day","another",2
"432","anyone","information","can",2
"433","arby","little","soldier",2
"434","army","corps","engineers",2
"435","around","corner","i",2
"436","around","next","week",2
"437","around","time","i",2
"438","as","often","case",2
"439","asking","question","i",2
"440","assistant","football","coach",2
"441","associate","vice","president",2
"442","associated","press","reported",2
"443","at","least","thats",2
"444","at","time","i",2
"445","averaged","just","points",2
"446","awesome","i","love",2
"447","back","i","think",2
"448","back","year","year",2
"449","bad","i","thought",2
"450","baltimore","racing","development",2
"451","bed","last","night",2
"452","best","i","can",2
"453","best","job","can",2
"454","bin","ladens","death",2
"455","birthday","i","love",2
"456","black","friday","shopping",2
"457","boil","reduce","heat",2
"458","bring","simmer","cook",2
"459","british","open","champion",2
"460","brooklyn","historical","society",2
"461","bureau","labor","statistics",2
"462","but","doesnt","mean",2
"463","but","i","also",2
"464","but","i","don’t",2
"465","but","moment","i",2
"466","but","right","now",2
"467","but","two","months",2
"468","buy","get","free",2
"469","buy","health","insurance",2
"470","came","united","states",2
"471","campaign","finance","records",2
"472","can","choose","come",2
"473","can","found","the",2
"474","can","get","back",2
"475","can","go","home",2
"476","can","happen","someone",2
"477","can","hear","read",2
"478","can","help","decide",2
"479","can","help","i",2
"480","can","make","happen",2
"481","can","make","playoffs",2
"482","can","put","things",2
"483","can","u","please",2
"484","candidate","mitt","romney",2
"485","cant","afford","pay",2
"486","cant","beat","em",2
"487","cant","believe","i",2
"488","cant","get","enough",2
"489","cant","stop","thinking",2
"490","cant","wait","read",2
"491","cd","release","party",2
"492","celebrity","big","brother",2
"493","cell","phone","bill",2
"494","center","chicago","public",2
"495","center","se","kellogg",2
"496","chairman","chief","executive",2
"497","change","wish","see",2
"498","charged","cell","phone",2
"499","chicago","daily","law",2
"500","chicago","illinois","incorporated",2
"501","chicago","public","library",2
"502","chief","executive","officer",2
"503","chief","medical","officer",2
"504","chief","operating","officer",2
"505","child","protective","services",2
"506","child","sex","abuse",2
"507","children","come","us",2
"508","christie","spokesman","michael",2
"509","city","council","members",2
"510","city","council","president",2
"511","city","high","school",2
"512","coach","pat","shurmur",2
"513","coach","tom","thibodeau",2
"514","come","see","us",2
"515","come","visit","new",2
"516","come","visit","us",2
"517","conclusion","will","make",2
"518","conference","semifinal","series",2
"519","cool","things","like",2
"520","coordinator","kevin","gilbride",2
"521","county","sheriffs","department",2
"522","county","sheriffs","office",2
"523","couple","days","ago",2
"524","couple","months","ago",2
"525","couple","weeks","i",2
"526","creek","drive","milwaukie",2
"527","ct","square","feet",2
"528","cultural","center","chicago",2
"529","cumberland","county","jail",2
"530","cumberland","gloucester","counties",2
"531","dad","dying","cancer",2
"532","daily","law","bulletin",2
"533","day","i","just",2
"534","day","i","know",2
"535","day","i","think",2
"536","day","last","week",2
"537","delta","air","lines",2
"538","department","public","health",2
"539","department","transportation","said",2
"540","desert","botanical","garden",2
"541","didn’t","take","long",2
"542","didnt","get","chance",2
"543","didnt","know","i",2
"544","didnt","seem","like",2
"545","didnt","think","i",2
"546","diego","state","university",2
"547","dinner","main","courses",2
"548","dinner","nightly","brunch",2
"549","director","community","development",2
"550","discovered","fetal","position",2
"551","district","court","judge",2
"552","do","i","think",2
"553","does","anyone","else",2
"554","doesn’t","seem","like",2
"555","doesnt","make","sense",2
"556","doesnt","mean","i",2
"557","don’t","know","hell",2
"558","don’t","know","i",2
"559","done","i","can",2
"560","done","really","good",2
"561","done","things","i",2
"562","dont","feel","bad",2
"563","dont","feel","good",2
"564","dont","know","can",2
"565","dont","know","else",2
"566","dont","know","much",2
"567","dont","know","without",2
"568","dont","really","care",2
"569","dont","want","miss",2
"570","dont","want","put",2
"571","dont","want","say",2
"572","dream","last","night",2
"573","early","last","year",2
"574","early","morning","hours",2
"575","early","saturday","morning",2
"576","else","can","see",2
"577","emergency","medical","technician",2
"578","entertainment","tonight","the",2
"579","europe","north","america",2
"580","european","central","bank",2
"581","even","small","amounts",2
"582","even","though","one",2
"583","event","will","take",2
"584","every","single","one",2
"585","every","sunday","pm",2
"586","every","year","i",2
"587","everyone","else","i",2
"588","everyone","you","guys",2
"589","everything","i","love",2
"590","everywhere","i","go",2
"591","facebook","fan","page",2
"592","faces","years","prison",2
"593","fact","i","dont",2
"594","family","i’m","sure",2
"595","father","like","son",2
"596","federal","health","care",2
"597","feel","like","i’m",2
"598","feels","like","i",2
"599","field","training","officer",2
"600","filed","us","district",2
"601","first","book","series",2
"602","first","four","innings",2
"603","first","full","year",2
"604","first","minutes","show",2
"605","first","person","i",2
"606","first","round","pick",2
"607","first","things","first",2
"608","first","time","ever",2
"609","first","time","i",2
"610","first","time","school",2
"611","first","time","season",2
"612","five","six","games",2
"613","five","years","ago",2
"614","folded","across","chest",2
"615","follow","back","d",2
"616","follow","ill","follow",2
"617","follow","please","i",2
"618","follow","us","twitter",2
"619","following","u","follow",2
"620","food","drug","administration",2
"621","football","coach","jerry",2
"622","for","details","go",2
"623","for","example","i",2
"624","for","first","time",2
"625","former","plain","dealer",2
"626","former","st","louis",2
"627","fresh","goat","cheese",2
"628","freshman","basketball","team",2
"629","friends","i","can",2
"630","from","time","time",2
"631","funny","thing","i",2
"632","gas","prices","going",2
"633","gay","rights","movement",2
"634","general","fund","budget",2
"635","general","manager","brian",2
"636","george","w","bush",2
"637","get","back","i",2
"638","get","chance","stop",2
"639","get","everything","need",2
"640","get","first","round",2
"641","get","job","done",2
"642","get","made","i",2
"643","give","something","so",2
"644","giving","away","free",2
"645","go","cubs","go",2
"646","go","hand","hand",2
"647","go","ive","got",2
"648","going","come","i",2
"649","going","happen","i",2
"650","going","just","fine",2
"651","good","friday","morning",2
"652","good","luck","today",2
"653","good","morning","everyone",2
"654","good","morning","i",2
"655","good","morning","twitter",2
"656","good","thing","i",2
"657","got","bright","idea",2
"658","got","little","bit",2
"659","got","lots","great",2
"660","gov","jan","brewer",2
"661","gov","john","kasich",2
"662","gov","rick","perry",2
"663","gov","ted","strickland",2
"664","grand","scheme","things",2
"665","great","many","people",2
"666","greece","ireland","portugal",2
"667","grew","it","became",2
"668","ha","ha","i",2
"669","ha","ha","yes",2
"670","had","dream","last",2
"671","haha","just","kidding",2
"672","happened","i","think",2
"673","happened","last","night",2
"674","happy","birthday","i",2
"675","happy","hour","pm",2
"676","happy","hump","day",2
"677","happy","st","pattys",2
"678","hard","i","tried",2
"679","hard","work","i",2
"680","have","great","weekend",2
"681","havent","read","book",2
"682","he","came","back",2
"683","he","said","based",2
"684","he","said","wanted",2
"685","health","care","industry",2
"686","health","care","reform",2
"687","heart","disease","cancer",2
"688","heat","olive","oil",2
"689","held","without","bond",2
"690","high","gas","prices",2
"691","high","school","class",2
"692","high","school","i",2
"693","high","school","senior",2
"694","high","school","student",2
"695","hold","special","place",2
"696","home","run","david",2
"697","home","runs","rbis",2
"698","hope","great","day",2
"699","hope","great","weekend",2
"700","hope","i","can",2
"701","hope","i","dont",2
"702","hour","half","early",2
"703","hours","day","days",2
"704","hours","i","made",2
"705","however","i","think",2
"706","hyde","park","corner",2
"707","i","accidentally","threw",2
"708","i","actually","got",2
"709","i","actually","see",2
"710","i","also","found",2
"711","i","also","knew",2
"712","i","also","like",2
"713","i","also","remember",2
"714","i","always","know",2
"715","i","become","accustomed",2
"716","i","believe","many",2
"717","i","can","buy",2
"718","i","can","give",2
"719","i","can","imagine",2
"720","i","can","just",2
"721","i","can","move",2
"722","i","can","offer",2
"723","i","can","put",2
"724","i","can","start",2
"725","i","can","still",2
"726","i","can","stop",2
"727","i","can’t","help",2
"728","i","can’t","imagine",2
"729","i","can’t","wait",2
"730","i","cant","get",2
"731","i","cant","go",2
"732","i","cant","help",2
"733","i","cant","imagine",2
"734","i","cant","say",2
"735","i","cant","tell",2
"736","i","cant","understand",2
"737","i","couldnt","find",2
"738","i","couldnt","see",2
"739","i","decided","get",2
"740","i","decided","i",2
"741","i","decided","post",2
"742","i","definitely","want",2
"743","i","didn’t","find",2
"744","i","didn’t","much",2
"745","i","didnt","expect",2
"746","i","didnt","feel",2
"747","i","didnt","like",2
"748","i","didnt","live",2
"749","i","don’t","really",2
"750","i","don’t","say",2
"751","i","don’t","start",2
"752","i","dont","ask",2
"753","i","dont","even",2
"754","i","dont","feel",2
"755","i","dont","need",2
"756","i","dont","normally",2
"757","i","dont","remember",2
"758","i","dont","understand",2
"759","i","enjoy","using",2
"760","i","enjoyed","show",2
"761","i","ever","actually",2
"762","i","every","day",2
"763","i","felt","though",2
"764","i","finally","decided",2
"765","i","first","heard",2
"766","i","first","saw",2
"767","i","found","interesting",2
"768","i","get","back",2
"769","i","get","job",2
"770","i","get","real",2
"771","i","going","see",2
"772","i","got","home",2
"773","i","got","job",2
"774","i","got","little",2
"775","i","got","my",2
"776","i","got","see",2
"777","i","got","text",2
"778","i","gotta","get",2
"779","i","guess","im",2
"780","i","havent","read",2
"781","i","havent","received",2
"782","i","havent","seen",2
"783","i","havent","watched",2
"784","i","hear","ya",2
"785","i","hear","you",2
"786","i","highly","recommend",2
"787","i","highly","suggest",2
"788","i","hope","enjoy",2
"789","i","hope","great",2
"790","i","hope","thats",2
"791","i","hope","well",2
"792","i","hope","wonderful",2
"793","i","hope","you’re",2
"794","i","just","can’t",2
"795","i","just","didnt",2
"796","i","just","get",2
"797","i","just","got",2
"798","i","just","hate",2
"799","i","just","like",2
"800","i","just","made",2
"801","i","just","need",2
"802","i","just","realized",2
"803","i","just","saw",2
"804","i","just","simply",2
"805","i","just","started",2
"806","i","just","took",2
"807","i","just","wish",2
"808","i","just","woke",2
"809","i","keep","coming",2
"810","i","know","going",2
"811","i","know","good",2
"812","i","know","will",2
"813","i","like","getting",2
"814","i","like","hear",2
"815","i","like","see",2
"816","i","look","like",2
"817","i","love","but",2
"818","i","love","everything",2
"819","i","love","im",2
"820","i","love","image",2
"821","i","love","know",2
"822","i","love","papers",2
"823","i","love","see",2
"824","i","love","summer",2
"825","i","love","writing",2
"826","i","loved","i",2
"827","i","made","early",2
"828","i","made","sure",2
"829","i","made","trek",2
"830","i","may","post",2
"831","i","mean","it’s",2
"832","i","mean","really",2
"833","i","met","u",2
"834","i","might","add",2
"835","i","might","barf",2
"836","i","miss","much",2
"837","i","need","day",2
"838","i","need","good",2
"839","i","need","help",2
"840","i","need","say",2
"841","i","need","see",2
"842","i","need","time",2
"843","i","need","vacation",2
"844","i","needed","get",2
"845","i","never","get",2
"846","i","never","imagined",2
"847","i","never","understood",2
"848","i","often","just",2
"849","i","put","money",2
"850","i","put","together",2
"851","i","quite","like",2
"852","i","read","every",2
"853","i","realize","i",2
"854","i","really","enjoy",2
"855","i","really","really",2
"856","i","regret","i",2
"857","i","remember","little",2
"858","i","see","things",2
"859","i","spend","time",2
"860","i","spent","little",2
"861","i","still","know",2
"862","i","surprised","see",2
"863","i","swear","i",2
"864","i","think","also",2
"865","i","think","beer",2
"866","i","think","everyone",2
"867","i","think","fair",2
"868","i","think","first",2
"869","i","think","good",2
"870","i","think","hes",2
"871","i","think","id",2
"872","i","think","ill",2
"873","i","think","important",2
"874","i","think","last",2
"875","i","think","need",2
"876","i","think","people",2
"877","i","think","probably",2
"878","i","think","size",2
"879","i","think","theyre",2
"880","i","thought","i’d",2
"881","i","told","even",2
"882","i","told","i",2
"883","i","took","photo",2
"884","i","took","time",2
"885","i","truly","believe",2
"886","i","want","see",2
"887","i","want","share",2
"888","i","want","sleep",2
"889","i","want","stop",2
"890","i","want","talk",2
"891","i","wasn’t","going",2
"892","i","wasn’t","sure",2
"893","i","wasnt","sure",2
"894","i","went","see",2
"895","i","will","add",2
"896","i","will","bring",2
"897","i","will","definitely",2
"898","i","will","forever",2
"899","i","will","go",2
"900","i","will","make",2
"901","i","will","need",2
"902","i","will","tell",2
"903","i","wish","people",2
"904","i","wonder","will",2
"905","i","wouldnt","say",2
"906","i","write","i",2
"907","i","wrote","book",2
"908","i","wrote","couple",2
"909","i’m","going","put",2
"910","i’m","sure","there’s",2
"911","if","u","love",2
"912","ill","admit","i",2
"913","im","coming","back",2
"914","im","even","sure",2
"915","im","following","u",2
"916","im","getting","older",2
"917","im","giving","away",2
"918","im","going","go",2
"919","im","going","i",2
"920","im","gonna","get",2
"921","im","happy","i",2
"922","im","often","surprised",2
"923","im","proud","say",2
"924","im","really","really",2
"925","im","sure","can",2
"926","im","sure","will",2
"927","im","trying","hard",2
"928","im","wrong","i",2
"929","important","thing","know",2
"930","in","large","bowl",2
"931","in","past","years",2
"932","in","recent","years",2
"933","in","short","i",2
"934","including","new","york",2
"935","incorporated","item","b",2
"936","incorporated","item","c",2
"937","innocent","proven","guilty",2
"938","international","film","festival",2
"939","issueadvocacy","organizations","disclose",2
"940","it","also","interesting",2
"941","it","doesnt","matter",2
"942","it","feels","like",2
"943","it","just","doesnt",2
"944","it","made","look",2
"945","it","makes","sense",2
"946","it","really","good",2
"947","it","still","takes",2
"948","it’s","time","make",2
"949","item","c","pp",2
"950","its","almost","like",2
"951","its","days","like",2
"952","its","even","worse",2
"953","its","hard","get",2
"954","ive","always","wanted",2
"955","ive","never","used",2
"956","japan","united","states",2
"957","jersey","gov","chris",2
"958","jesus","christ","name",2
"959","jewel","food","stores",2
"960","john","smith’s","grand",2
"961","junior","senior","year",2
"962","just","doesnt","make",2
"963","just","dont","want",2
"964","just","four","points",2
"965","just","getting","started",2
"966","just","got","done",2
"967","just","got","go",2
"968","just","let","go",2
"969","just","much","i",2
"970","just","plain","fun",2
"971","just","points","rebounds",2
"972","just","sit","around",2
"973","just","three","hours",2
"974","just","trying","get",2
"975","just","wanted","know",2
"976","keep","coming","back",2
"977","keep","good","work",2
"978","kellogg","creek","drive",2
"979","kids","love","read",2
"980","know","can","get",2
"981","know","much","i",2
"982","lake","oswego","school",2
"983","lake","saint","louis",2
"984","large","enough","hold",2
"985","large","number","people",2
"986","last","couple","days",2
"987","last","five","years",2
"988","last","four","years",2
"989","last","month","i",2
"990","last","seven","games",2
"991","last","several","years",2
"992","last","time","happened",2
"993","last","time","the",2
"994","last","week","news",2
"995","last","year","but",2
"996","late","last","night",2
"997","late","second","period",2
"998","late","th","century",2
"999","least","little","bit",2
"1000","left","side","right",2
"1001","let","go","i",2
"1002","let","just","say",2
"1003","lets","get","started",2
"1004","level","playing","field",2
"1005","library","chicago","illinois",2
"1006","life","can","change",2
"1007","life","i","also",2
"1008","life","i","want",2
"1009","life","man","ready",2
"1010","like","everything","else",2
"1011","like","father","like",2
"1012","like","i","got",2
"1013","like","i","just",2
"1014","like","i","love",2
"1015","lined","parchment","paper",2
"1016","little","bit","i",2
"1017","little","bit","like",2
"1018","little","time","day",2
"1019","living","room","window",2
"1020","lol","ok","ill",2
"1021","long","ago","i",2
"1022","long","term","care",2
"1023","long","time","i",2
"1024","long","will","take",2
"1025","look","just","like",2
"1026","looking","back","now",2
"1027","looking","forward","coming",2
"1028","los","angeles","county",2
"1029","los","angeles","times",2
"1030","lost","half","pound",2
"1031","love","i","will",2
"1032","love","love","love",2
"1033","low","fat","diet",2
"1034","make","feel","better",2
"1035","make","feel","like",2
"1036","make","phone","call",2
"1037","make","sound","like",2
"1038","make","sure","buy",2
"1039","make","sure","check",2
"1040","make","work","i",2
"1041","man","ready","opportunity",2
"1042","manager","trevor","cook",2
"1043","many","reasons","i",2
"1044","many","things","im",2
"1045","many","things","life",2
"1046","many","times","i",2
"1047","mark","zandi","chief",2
"1048","mart","convention","center",2
"1049","master","plan","update",2
"1050","may","milwaukie","center",2
"1051","maybe","one","day",2
"1052","mean","i","dont",2
"1053","means","i","really",2
"1054","median","household","income",2
"1055","medical","marijuana","program",2
"1056","medical","mart","convention",2
"1057","medium","bowl","mix",2
"1058","medium","heat","heat",2
"1059","memorial","service","will",2
"1060","merry","christmas","happy",2
"1061","miles","per","hour",2
"1062","million","first","year",2
"1063","milwaukie","center","se",2
"1064","minister","benjamin","netanyahu",2
"1065","minneapolis","money","manager",2
"1066","minutes","center","set",2
"1067","moment","i","stood",2
"1068","money","manager","trevor",2
"1069","month","i","didnt",2
"1070","months","even","years",2
"1071","mothers","day","brunch",2
"1072","mothers","day","moms",2
"1073","moved","new","york",2
"1074","movie","i","dont",2
"1075","mr","bushs","neighborhood",2
"1076","much","better","i",2
"1077","much","i","can",2
"1078","much","i","really",2
"1079","multiple","times","day",2
"1080","my","job","just",2
"1081","my","minds","eye",2
"1082","my","time","favorite",2
"1083","national","transportation","safety",2
"1084","national","weather","service",2
"1085","ncaa","division","iii",2
"1086","ncaa","tournament","appearances",2
"1087","near","th","street",2
"1088","need","go","check",2
"1089","needless","say","every",2
"1090","never","thought","i",2
"1091","never","thought","id",2
"1092","never","want","see",2
"1093","new","england","patriots",2
"1094","new","found","glory",2
"1095","new","jersey","gov",2
"1096","new","jersey","will",2
"1097","new","year","it",2
"1098","new","years","eve",2
"1099","new","years","resolutions",2
"1100","new","york","rangers",2
"1101","new","york","the",2
"1102","news","world","hacked",2
"1103","next","couple","weeks",2
"1104","next","day","i",2
"1105","next","four","years",2
"1106","next","season","give",2
"1107","next","time","i",2
"1108","next","week","so",2
"1109","nine","months","will",2
"1110","no","matter","much",2
"1111","no","severe","weather",2
"1112","north","carolina","ohio",2
"1113","nothing","i","can",2
"1114","now","but","i",2
"1115","now","but","i’m",2
"1116","now","i","love",2
"1117","now","im","getting",2
"1118","now","im","ready",2
"1119","now","know","i",2
"1120","now","lets","get",2
"1121","now","make","sure",2
"1122","now","years","old",2
"1123","of","course","there’s",2
"1124","offensive","coordinator","kevin",2
"1125","oh","i","just",2
"1126","oh","i","miss",2
"1127","ohio","supreme","court",2
"1128","oil","gas","industry",2
"1129","oil","prices","fell",2
"1130","okay","i","will",2
"1131","old","high","school",2
"1132","once","i","get",2
"1133","one","best","things",2
"1134","one","first","thing",2
"1135","one","i","can",2
"1136","one","i","dont",2
"1137","one","point","talking",2
"1138","one","run","four",2
"1139","one","step","closer",2
"1140","one","thing","i",2
"1141","one","year","i",2
"1142","one","year","left",2
"1143","open","mic","night",2
"1144","openly","gay","spokesman",2
"1145","organizations","disclose","donors",2
"1146","original","air","date",2
"1147","oswego","school","district",2
"1148","oz","semisweet","chocolate",2
"1149","pacific","gas","electric",2
"1150","pacifica","resource","center",2
"1151","page","i","made",2
"1152","palm","beach","county",2
"1153","pan","medium","heat",2
"1154","passion","fruit","flavor",2
"1155","past","four","years",2
"1156","past","guide","future",2
"1157","past","several","years",2
"1158","past","three","months",2
"1159","past","two","years",2
"1160","penn","state","assistant",2
"1161","penn","state","university",2
"1162","people","actually","pay",2
"1163","people","around","world",2
"1164","people","dont","expect",2
"1165","people","dont","like",2
"1166","people","dont","want",2
"1167","people","killed","injured",2
"1168","people","real","life",2
"1169","people","will","say",2
"1170","percent","company","said",2
"1171","pico","de","gallo",2
"1172","pitching","coach","dave",2
"1173","playing","right","now",2
"1174","please","let","know",2
"1175","point","i","dont",2
"1176","points","per","game",2
"1177","police","still","searching",2
"1178","political","action","committee",2
"1179","possession","controlled","dangerous",2
"1180","post","i","find",2
"1181","preheat","oven","degrees",2
"1182","president","football","operations",2
"1183","presidential","candidate","mitt",2
"1184","prime","minister","benjamin",2
"1185","probably","defense","mechanism",2
"1186","public","library","chicago",2
"1187","quarterly","earnings","report",2
"1188","r","u","still",2
"1189","raymond","lesniak","dunion",2
"1190","ready","opportunity","comes",2
"1191","real","estate","investing",2
"1192","really","dont","feel",2
"1193","really","dont","understand",2
"1194","really","excited","new",2
"1195","really","feel","like",2
"1196","really","good","i",2
"1197","really","hard","get",2
"1198","really","really","really",2
"1199","really","want","something",2
"1200","really","wanted","get",2
"1201","refrigerate","least","hours",2
"1202","rep","gabrielle","giffords",2
"1203","right","around","corner",2
"1204","right","now","its",2
"1205","right","now","rt",2
"1206","rose","percent","million",2
"1207","rose","percent","percent",2
"1208","rotary","club","annapolis",2
"1209","run","four","hits",2
"1210","running","around","like",2
"1211","sad","see","go",2
"1212","said","“i","think",2
"1213","said","“my","body",2
"1214","said","even","though",2
"1215","said","everybodys","got",2
"1216","said","first","heard",2
"1217","said","he","added",2
"1218","said","he","said",2
"1219","said","i","didnt",2
"1220","said","i","tried",2
"1221","said","i","will",2
"1222","said","its","business",2
"1223","said","we","expect",2
"1224","said","written","statement",2
"1225","said","youve","got",2
"1226","san","antonio","spurs",2
"1227","san","diego","state",2
"1228","san","francisco","bay",2
"1229","san","francisco","chronicle",2
"1230","san","francisco","san",2
"1231","say","i","didnt",2
"1232","say","i","dont",2
"1233","says","i","think",2
"1234","scored","four","times",2
"1235","se","kellogg","creek",2
"1236","secret","success","life",2
"1237","see","another","one",2
"1238","see","i","know",2
"1239","seem","like","lot",2
"1240","selftitled","debut","album",2
"1241","sen","nina","turner",2
"1242","sen","raymond","lesniak",2
"1243","sentenced","years","prison",2
"1244","seriously","cant","wait",2
"1245","seven","people","killed",2
"1246","several","years","i",2
"1247","sex","abuse","charges",2
"1248","she","also","said",2
"1249","she","said","i",2
"1250","she","told","i",2
"1251","side","note","i",2
"1252","side","right","side",2
"1253","since","day","one",2
"1254","since","early","march",2
"1255","since","end","january",2
"1256","since","great","depression",2
"1257","since","i","dont",2
"1258","since","i","last",2
"1259","since","im","going",2
"1260","smith’s","grand","national",2
"1261","so","glad","liked",2
"1262","so","i","got",2
"1263","so","make","sure",2
"1264","so","next","time",2
"1265","some","people","dont",2
"1266","some","people","just",2
"1267","some","people","will",2
"1268","something","else","can",2
"1269","something","i","want",2
"1270","something","taken","away",2
"1271","sometime","next","week",2
"1272","sorry","i","dont",2
"1273","sorry","i","havent",2
"1274","south","los","angeles",2
"1275","south","th","street",2
"1276","southern","california","edison",2
"1277","space","shuttle","challenger",2
"1278","special","place","heart",2
"1279","spend","lot","time",2
"1280","spending","much","time",2
"1281","spent","last","weeks",2
"1282","spokesman","michael","drewniak",2
"1283","st","louis","police",2
"1284","st","louis","regional",2
"1285","st","pattys","day",2
"1286","stadium","box","office",2
"1287","starting","new","year",2
"1288","state","assistant","football",2
"1289","state","officials","said",2
"1290","state","records","show",2
"1291","state","sen","nina",2
"1292","states","highest","court",2
"1293","stay","tuned","info",2
"1294","still","faces","numerous",2
"1295","success","life","man",2
"1296","support","group","will",2
"1297","support","loved","ones",2
"1298","sure","can","make",2
"1299","sure","i","can",2
"1300","sure","i","dont",2
"1301","surgery","left","knee",2
"1302","take","effect","next",2
"1303","take","high","road",2
"1304","take","place","pm",2
"1305","take","us","east",2
"1306","taking","care","business",2
"1307","teaspoons","cream","tartar",2
"1308","tell","us","little",2
"1309","texas","de","brazil",2
"1310","th","birthday","i",2
"1311","th","century","created",2
"1312","thanks","rt","i",2
"1313","thanks","twitter","follow",2
"1314","thats","i","want",2
"1315","the","area","i",2
"1316","the","bad","news",2
"1317","the","best","part",2
"1318","the","city","council",2
"1319","the","company","also",2
"1320","the","couple","two",2
"1321","the","cultural","center",2
"1322","the","funny","thing",2
"1323","the","good","news",2
"1324","the","government","also",2
"1325","the","lake","oswego",2
"1326","the","lawsuit","filed",2
"1327","the","lion","king",2
"1328","the","main","reason",2
"1329","the","man","said",2
"1330","the","motion","picture",2
"1331","the","nearly","billion",2
"1332","the","new","jersey",2
"1333","the","officials","said",2
"1334","the","plain","dealer",2
"1335","the","plain","dealers",2
"1336","the","report","also",2
"1337","the","rotary","club",2
"1338","the","secret","success",2
"1339","the","us","embassy",2
"1340","the","whole","world",2
"1341","the","yield","year",2
"1342","then","i","add",2
"1343","there","times","i",2
"1344","theres","one","thing",2
"1345","they","done","great",2
"1346","they","made","plays",2
"1347","theyre","going","get",2
"1348","thing","and","i",2
"1349","thing","know","sure",2
"1350","things","going","great",2
"1351","things","i","found",2
"1352","things","i","love",2
"1353","things","i","need",2
"1354","things","i","never",2
"1355","things","im","thankful",2
"1356","think","fair","say",2
"1357","think","i","can",2
"1358","think","i","going",2
"1359","think","i","got",2
"1360","think","i","might",2
"1361","think","i","need",2
"1362","think","i","will",2
"1363","think","im","completely",2
"1364","think","like","man",2
"1365","think","might","want",2
"1366","think","of","course",2
"1367","this","morning","i",2
"1368","this","time","i",2
"1369","though","i","didnt",2
"1370","though","i","really",2
"1371","though","seems","want",2
"1372","three","years","ago",2
"1373","throughout","new","jersey",2
"1374","time","goes","fast",2
"1375","time","i","showed",2
"1376","time","so","i",2
"1377","time","you","can",2
"1378","today","im","going",2
"1379","told","i","said",2
"1380","tomorrow","i","will",2
"1381","tony","la","russa",2
"1382","took","time","go",2
"1383","took","two","weeks",2
"1384","transportation","safety","board",2
"1385","trip","memory","lane",2
"1386","trying","make","something",2
"1387","tsp","baking","soda",2
"1388","turned","around","walked",2
"1389","tweeted","happy","birthday",2
"1390","two","months","ago",2
"1391","two","sides","coin",2
"1392","two","year","old",2
"1393","two","years","old",2
"1394","united","states","now",2
"1395","university","north","carolina",2
"1396","us","attorneys","office",2
"1397","us","department","labor",2
"1398","us","district","judge",2
"1399","us","know","think",2
"1400","us","right","now",2
"1401","us","virgin","islands",2
"1402","use","small","amounts",2
"1403","use","social","media",2
"1404","use","word","“love”",2
"1405","vaughn","said","and",2
"1406","verizon","communications","inc",2
"1407","vice","president","football",2
"1408","vice","president","government",2
"1409","wall","street","journal",2
"1410","want","give","away",2
"1411","wanted","something","bit",2
"1412","waste","time","money",2
"1413","way","i","can",2
"1414","way","i","just",2
"1415","way","parking","lot",2
"1416","we","dont","know",2
"1417","we","dont","really",2
"1418","we","dont","want",2
"1419","we","got","hour",2
"1420","we","just","need",2
"1421","we","just","want",2
"1422","we","look","forward",2
"1423","we","made","clear",2
"1424","we","want","know",2
"1425","we","will","continue",2
"1426","web","social","media",2
"1427","week","i","think",2
"1428","weekend","you","can",2
"1429","weeks","ago","i",2
"1430","well","i","dont",2
"1431","well","i","guess",2
"1432","well","saturday","i",2
"1433","western","reserve","university",2
"1434","what","i","saw",2
"1435","what","i","think",2
"1436","what","i","wanted",2
"1437","what","i","write",2
"1438","whatever","takes","win",2
"1439","whats","going","happen",2
"1440","when","i","got",2
"1441","when","i","saw",2
"1442","when","i","set",2
"1443","when","i","start",2
"1444","when","i","try",2
"1445","whose","name","became",2
"1446","will","allow","us",2
"1447","will","also","need",2
"1448","will","always","love",2
"1449","will","come","him",2
"1450","will","continue","monitor",2
"1451","will","ever","come",2
"1452","will","ever","stop",2
"1453","will","give","u",2
"1454","will","go","back",2
"1455","will","held","pm",2
"1456","will","made","available",2
"1457","will","next","time",2
"1458","will","now","begin",2
"1459","will","probably","end",2
"1460","will","remain","closed",2
"1461","will","take","place",2
"1462","win","game","but",2
"1463","win","good","luck",2
"1464","win","th","consecutive",2
"1465","wish","i","go",2
"1466","wish","see","world",2
"1467","with","said","i",2
"1468","within","feet","school",2
"1469","work","i","dont",2
"1470","world","hacked","phone",2
"1471","world","i","know",2
"1472","world","trade","center",2
"1473","world","wide","web",2
"1474","worth","million","first",2
"1475","yeah","yeah","yeah",2
"1476","year","left","contract",2
"1477","year","you","can",2
"1478","years","old","time",2
"1479","years","since","i",2
"1480","yet","i","still",2
"1481","york","times","reports",2
"1482","you","can","hear",2
"1483","you","can","i",2
"1484","you","can","learn",2
"1485","you","can","look",2
"1486","you","can’t","get",2
"1487","you","dont","know",2
"1488","you","guys","awesome",2
"1489","you","see","i",2
"1490","you","think","you",2
"1491","you","will","keep",2
"1492","youre","likely","get",2
"1493","youve","got","kidding",2
"1494","zandi","chief","economist",2
